paper_reference,received_at,full_name,date_of_birth,government_id,phone,email,address_line,ward_code,category,gender,local_resident,disability,ex_serviceperson,annual_income
RCPT-000000,2026-07-25,Anita Rao,2002-10-11,400000000183,9845428607,anita.rao18@example.com,268 Park Road,W-02,GEN,MALE,false,false,false,295000
RCPT-000001,2026-08-22,Suresh D'Souza,1971-07-09,900000001354,9694050449,second.409@example.com,279 Nehru Road,W-09,GEN,FEMALE,true,false,false,90000
RCPT-000002,2026-05-14,Anita Patel,1978-05-25,700000000211,9771060942,anita.patel21@example.com,260 Station Road,W-09,OBC,FEMALE,false,false,false,250000
RCPT-000003,2026-02-05,Deepa Verma,1958-10-25,800000000700,9945520602,deepa.verma70@example.com,167 Station Road,W-05,GEN,MALE,false,false,false,295000
RCPT-000004,2026-07-05,Anil Kumar,1969-01-10,600000001081,9920392313,anil.kumar108@example.com,169 MG Road,W-10,GEN,FEMALE,false,false,false,250000
RCPT-000005,2026-01-16,Sita Verma,1961-10-22,600000003646,9135355126,sita.verma364@example.com,90 MG Road,W-06,EWS,FEMALE,false,false,false,295000
RCPT-000006,2026-04-02,Farhan Nair,1991-12-07,500000000676,9388108141,farhan.nair67@example.com,96 Lake Road,W-12,GEN,FEMALE,false,false,false,90000
RCPT-000007,2026-04-11,Meena D'Souza,1962-09-07,200000002001,9398541823,meena.dsouza200@example.com,273 Nehru Road,W-03,SC,FEMALE,false,false,true,380000
RCPT-000008,2026-04-03,Priya Kumar,1989-03-17,500000002354,9588587521,priya.kumar235@example.com,110 MG Road,W-07,GEN,MALE,true,false,false,140000
RCPT-000009,2026-01-09,Nisha Iyer,1963-04-26,900000002794,9322952489,nisha.iyer279@example.com,133 Station Road,W-02,ST,FEMALE,false,true,false,140000
RCPT-000010,2026-02-21,Lakshmi Chandra,1958-05-24,300000002176,9915445275,lakshmi.chandra217@example.com,150 Nehru Road,W-12,OBC,MALE,true,false,false,90000
RCPT-000011,2026-01-16,Arjun Verma,1988-11-01,700000002451,9546184540,arjun.verma245@example.com,96 Station Road,W-08,SC,MALE,false,false,false,295000
RCPT-000012,2026-07-19,Vikram Nair,1961-02-15,900000002634,9819288434,vikram.nair263@example.com,90 Station Road,W-03,GEN,MALE,false,false,false,140000
RCPT-000013,2026-02-15,Farhan Sharma,2004-01-26,200000001927,9569915689,farhan.sharma192@example.com,257 Lake Road,W-09,GEN,FEMALE,true,false,false,140000
RCPT-000014,2026-05-09,Anil Kumar,2002-11-11,300000002499,9495042278,anil.kumar249@example.com,110 Nehru Road,W-10,OBC,FEMALE,true,false,false,380000
RCPT-000015,2026-05-19,Joseph Gupta,1957-06-28,900000002476,9750108522,joseph.gupta247@example.com,91 Station Road,W-10,OBC,MALE,false,false,false,140000
RCPT-000016,2026-01-23,Sita Sharma,1960-07-02,800000003741,9792179014,sita.sharma374@example.com,139 MG Road,W-03,GEN,FEMALE,false,true,false,640000
RCPT-000017,2026-07-15,Sita Menon,1961-04-27,300000003456,9409880649,sita.menon345@example.com,259 Park Road,W-06,EWS,MALE,true,false,false,140000
RCPT-000018,2026-07-02,Anita Rao,1977-07-21,400000001944,9437028251,anita.rao194@example.com,277 Station Road,W-09,OBC,FEMALE,false,false,false,250000
RCPT-000019,2026-01-20,Lakshmi Singh,1989-05-28,900000004317,9433403440,third.431@example.com,196 Lake Road,W-10,GEN,FEMALE,true,false,false,250000
RCPT-000020,2026-04-23,Joseph Singh,1987-11-01,700000003976,9937553445,joseph.singh397@example.com,121 Nehru Road,W-02,EWS,FEMALE,false,false,false,140000
RCPT-000021,2026-08-28,Anita Menon,1974-08-26,400000001786,9430895522,anita.menon178@example.com,299 Nehru Road,W-09,GEN,MALE,false,true,false,640000
RCPT-000022,2026-03-11,Suresh Nair,1956-01-10,800000001180,9978376506,suresh.nair118@example.com,253 Park Road,W-04,OBC,MALE,false,false,false,295000
RCPT-000023,2026-07-23,Ramesh Menon,1977-05-02,900000001832,9625926067,ramesh.menon183@example.com,156 Nehru Road,W-10,EWS,FEMALE,false,false,false,250000
RCPT-000024,2026-08-30,Farhan Khan,1995-01-25,700000001334,9423274385,farhan.khan133@example.com,221 Station Road,W-10,GEN,MALE,true,false,false,295000
RCPT-000025,2026-03-19,Arjun Bose,1960-11-06,700000002613,9914513736,arjun.bose261@example.com,4 MG Road,W-05,OBC,MALE,false,false,false,140000
RCPT-000026,2026-08-18,Priya D'Souza,1974-02-03,500000002911,9360614080,priya.dsouza291@example.com,185 Nehru Road,W-11,GEN,MALE,true,false,false,380000
RCPT-000027,2026-01-14,Vikram Khan,1994-06-03,300000003851,9134498553,vikram.khan385@example.com,36 Station Road,W-09,OBC,FEMALE,false,true,false,140000
RCPT-000028,2026-01-17,Sita Khan,1955-05-07,600000000445,9199469249,sita.khan44@example.com,184 Station Road,W-01,GEN,MALE,false,false,false,250000
RCPT-000029,2026-06-14,Suresh Sharma,1956-03-22,800000002868,9195704917,suresh.sharma286@example.com,122 Lake Road,W-10,EWS,MALE,false,false,false,295000
RCPT-000030,2026-02-04,Kavita Patel,1977-09-17,800000002224,9418858915,second.420@example.com,108 Nehru Road,W-10,GEN,FEMALE,true,false,false,295000
RCPT-000031,2026-06-08,Nisha Verma,2004-11-27,800000003509,9864417087,nisha.verma350@example.com,180 Station Road,W-02,GEN,FEMALE,false,false,false,90000
RCPT-000032,2026-03-27,Kavita Menon,1971-10-12,700000003813,9265681117,kavita.menon381@example.com,190 Lake Road,W-01,GEN,FEMALE,false,false,false,295000
RCPT-000033,2026-04-15,Ramesh Menon,1964-01-01,500000003958,9239069222,ramesh.menon395@example.com,102 Nehru Road,W-05,SC,MALE,false,true,false,250000
RCPT-000034,2026-07-31,Ramesh Chandra,1988-05-05,700000003897,9310803600,ramesh.chandra389@example.com,258 Station Road,W-09,GEN,FEMALE,false,false,false,380000
RCPT-000035,2026-04-14,Farhan Reddy,1987-02-07,200000003844,9782513316,farhan.reddy384@example.com,204 Station Road,W-07,GEN,FEMALE,false,false,false,295000
RCPT-000036,2026-04-08,Kavita Reddy,1975-10-10,500000003390,9888335059,kavita.reddy339@example.com,31 Nehru Road,W-06,OBC,MALE,true,false,false,295000
RCPT-000037,2026-06-17,Sita Bose,1968-06-19,700000002771,9978022463,sita.bose277@example.com,232 MG Road,W-08,GEN,FEMALE,false,false,false,140000
RCPT-000038,2026-08-18,Joseph Devi,1957-09-05,500000000757,9475702394,joseph.devi75@example.com,153 Park Road,W-12,OBC,FEMALE,false,false,true,90000
RCPT-000039,2026-07-31,Meena Khan,1971-02-19,900000002550,9637356118,meena.khan255@example.com,16 Lake Road,W-08,OBC,OTHER,false,false,false,640000
RCPT-000040,2026-02-18,Farhan Redddy,1987-02-07,200000004000,9149845999,fourth.400@example.com,204 Station Road,W-07,GEN,FEMALE,false,false,false,295000
RCPT-000041,2026-08-28,Nisha Menon,1990-08-04,400000001622,9270931144,nisha.menon162@example.com,140 MG Road,W-11,GEN,MALE,false,false,false,640000
RCPT-000042,2026-03-21,Ramesh Iyer,1998-11-27,300000001934,9890592854,ramesh.iyer193@example.com,51 Nehru Road,W-05,SC,FEMALE,false,false,false,295000
RCPT-000043,2026-05-20,Nisha Gupta,1963-03-17,500000000355,9511002970,nisha.gupta35@example.com,215 Station Road,W-02,SC,FEMALE,false,false,false,380000
RCPT-000044,2026-07-14,Sita Chandra,2000-02-02,400000002906,9961697003,sita.chandra290@example.com,131 Park Road,W-06,ST,MALE,true,false,false,90000
RCPT-000045,2026-06-08,Deepa Rao,1988-03-20,400000000741,9190499243,deepa.rao74@example.com,271 Lake Road,W-07,SC,FEMALE,true,false,false,295000
RCPT-000046,2026-02-24,Anita Patel,1978-04-03,400000000022,9201010731,second.426@example.com,272 Station Road,W-06,GEN,FEMALE,true,false,false,90000
RCPT-000047,2026-03-20,Vikram Chandra,1982-01-06,600000002129,9957901770,vikram.chandra212@example.com,215 Park Road,W-11,GEN,FEMALE,true,false,false,250000
RCPT-000048,2026-05-20,Arjun Devi,1986-05-17,900000000395,9794611089,arjun.devi39@example.com,122 MG Road,W-09,SC,FEMALE,false,false,false,640000
RCPT-000049,2026-01-02,Anita Raoo,2002-10-11,800000004223,9907238297,fourth.422@example.com,268 Park Road,W-02,GEN,MALE,false,false,false,295000
RCPT-000050,2026-08-07,Meena Singh,2000-12-16,800000001829,9512361381,meena.singh182@example.com,155 Nehru Road,W-07,GEN,FEMALE,false,false,false,250000
RCPT-000051,2026-06-13,Rahul Reddy,2001-03-17,600000001408,9682456218,rahul.reddy140@example.com,62 MG Road,W-08,EWS,MALE,false,false,false,140000
RCPT-000052,2026-06-24,Nisha Bose,1999-05-19,700000002374,9794781188,nisha.bose237@example.com,120 Park Road,W-07,GEN,FEMALE,false,false,false,90000
RCPT-000053,2026-01-29,Priya Khan,1999-04-01,800000002461,9178258443,priya.khan246@example.com,224 Station Road,W-06,SC,FEMALE,false,false,false,380000
RCPT-000054,2026-08-25,Ramesh Iyer,2005-09-17,800000001903,9937951476,ramesh.iyer190@example.com,75 MG Road,W-07,GEN,FEMALE,true,true,false,295000
RCPT-000055,2026-08-13,Priya Singh,1991-02-25,200000001684,9830560354,priya.singh168@example.com,201 MG Road,W-04,EWS,MALE,true,false,false,640000
RCPT-000056,2026-02-15,Deepa Reddy,1970-09-25,900000000952,9102976093,deepa.reddy95@example.com,201 Park Road,W-03,GEN,MALE,true,false,false,640000
RCPT-000057,2026-07-24,Deepa Menon,1968-08-27,900000001515,9465299459,deepa.menon151@example.com,258 Park Road,W-09,OBC,MALE,true,false,false,640000
RCPT-000058,2026-07-12,Rahul Gupta,1969-12-09,400000001148,9893125102,rahul.gupta114@example.com,77 Nehru Road,W-11,SC,MALE,false,false,false,295000
RCPT-000059,2026-09-08,Anita Nair,1988-10-11,800000000467,9909028722,anita.nair46@example.com,179 Lake Road,W-07,GEN,MALE,false,false,false,640000
RCPT-000060,2026-05-15,Deepa Menon,1968-08-27,900000004075,9465299459,third.407@example.com,258 Park Road,W-09,OBC,MALE,true,false,false,640000
RCPT-000061,2026-05-18,Ramesh Sharma,1980-05-08,200000000169,9713574297,ramesh.sharma16@example.com,74 MG Road,W-04,ST,MALE,true,false,false,640000
RCPT-000062,2026-06-20,Lakshmi Devi,1983-07-22,700000003570,9467354312,lakshmi.devi357@example.com,110 Park Road,W-11,OBC,FEMALE,false,false,false,250000
RCPT-000063,2026-03-10,Arjun Rao,1980-11-01,900000003593,9507461556,arjun.rao359@example.com,51 Lake Road,W-10,GEN,MALE,false,false,false,140000
RCPT-000064,2026-08-27,Nisha Nair,1964-05-14,600000003963,9583150955,second.428@example.com,52 Lake Road,W-10,OBC,FEMALE,false,false,false,140000
RCPT-000065,2026-02-20,Vikram Nair,1979-06-10,800000000621,9760535239,vikram.nair62@example.com,291 Station Road,W-01,SC,MALE,false,false,true,250000
RCPT-000066,2026-07-06,Deepa Patel,2000-02-06,200000003121,9427346221,deepa.patel312@example.com,222 MG Road,W-02,OBC,FEMALE,false,false,false,640000
RCPT-000067,2026-07-19,Vikram Iyer,1958-05-17,300000001376,9594800239,vikram.iyer137@example.com,133 Station Road,W-02,GEN,FEMALE,true,false,false,380000
RCPT-000068,2026-01-30,Deepa Khan,1980-07-03,200000001201,9770192805,deepa.khan120@example.com,289 Park Road,W-08,GEN,FEMALE,false,false,false,295000
RCPT-000069,2026-07-29,Priya Patel,1985-05-24,300000000491,9859553332,priya.patel49@example.com,176 Park Road,W-03,OBC,MALE,false,false,false,640000
RCPT-000070,2026-05-09,Meena Devi,1962-01-11,600000001006,9519787979,meena.devi100@example.com,262 Lake Road,W-07,SC,MALE,true,false,false,295000
RCPT-000071,2026-03-15,Suresh Singh,1999-11-06,200000003289,9208304614,suresh.singh328@example.com,255 Station Road,W-02,GEN,FEMALE,false,false,false,380000
RCPT-000072,2026-08-13,Suresh Devi,1990-06-21,300000002651,9802960841,suresh.devi265@example.com,28 Nehru Road,W-09,GEN,MALE,false,false,false,90000
RCPT-000073,2026-03-16,Deepa Khan,1959-11-13,700000002217,9252949594,deepa.khan221@example.com,210 Lake Road,W-07,OBC,MALE,false,false,false,250000
RCPT-000074,2026-08-12,Suresh Singh,1959-03-22,800000003668,9578517769,suresh.singh366@example.com,76 Lake Road,W-06,GEN,FEMALE,false,false,false,380000
RCPT-000075,2026-02-13,Nisha Patel,1995-06-06,500000000431,9532344064,nisha.patel43@example.com,166 MG Road,W-12,EWS,FEMALE,false,false,false,250000
RCPT-000076,2026-04-05,Ramesh Reddy,2001-02-14,500000003553,9955310158,ramesh.reddy355@example.com,143 Station Road,W-11,SC,FEMALE,false,false,false,295000
RCPT-000077,2026-01-18,Kavita Sharma,1987-10-21,200000003364,9439406923,kavita.sharma336@example.com,184 Nehru Road,W-07,EWS,MALE,true,false,false,295000
RCPT-000078,2026-03-25,Arjun Nair,2002-08-22,400000001468,9513461086,arjun.nair146@example.com,88 MG Road,W-11,GEN,FEMALE,true,false,false,250000
RCPT-000079,2026-06-21,Meena Singh,1962-01-23,700000003656,9940754796,meena.singh365@example.com,41 Station Road,W-05,GEN,FEMALE,true,false,false,140000
RCPT-000080,2026-06-24,Suresh Devi,1956-02-23,300000000979,9772156641,suresh.devi97@example.com,70 Park Road,W-05,GEN,MALE,false,false,false,140000
RCPT-000081,2026-04-01,Anil D'Souza,1978-05-22,900000002316,9887261049,anil.dsouza231@example.com,24 Nehru Road,W-02,ST,MALE,false,false,false,90000
RCPT-000082,2026-02-14,Lakshmi Devi,1963-10-16,600000003729,9284774206,lakshmi.devi372@example.com,263 MG Road,W-02,ST,MALE,true,false,false,90000
RCPT-000083,2026-04-06,Vikram Rao,1988-09-07,800000001506,9321739792,vikram.rao150@example.com,138 Park Road,W-01,SC,FEMALE,false,false,false,380000
RCPT-000084,2026-01-09,Nisha Iyer,1997-10-08,600000002688,9698536935,nisha.iyer268@example.com,190 Park Road,W-08,GEN,MALE,false,false,false,140000
RCPT-000085,2026-01-08,Sita D'Souza,1989-06-21,500000002035,9857013876,sita.dsouza203@example.com,30 Nehru Road,W-09,GEN,MALE,true,false,true,295000
RCPT-000086,2026-03-21,Anita D'Souza,1977-07-12,200000003047,9584135635,anita.dsouza304@example.com,98 Nehru Road,W-02,EWS,FEMALE,true,false,false,250000
RCPT-000087,2026-04-24,Anil Rao,2012-03-14,200000000888,9575420567,anil.rao88@example.com,195 Park Road,W-03,SC,FEMALE,false,false,false,640000
RCPT-000088,2026-07-01,Lakshmi Sharma,1973-06-08,600000000360,9764661885,lakshmi.sharma36@example.com,14 Park Road,W-06,SC,MALE,true,false,false,640000
RCPT-000089,2026-01-13,Farhan Menon,1994-12-18,400000000584,9447431234,farhan.menon58@example.com,10 Park Road,W-11,GEN,MALE,false,false,false,380000
RCPT-000090,2026-06-09,Sita Sharma,1979-09-05,800000001105,9863891379,sita.sharma110@example.com,183 Park Road,W-02,SC,FEMALE,true,false,false,140000
RCPT-000091,2026-07-27,Nisha Gupta,1964-03-06,900000003276,9344057282,nisha.gupta327@example.com,102 MG Road,W-11,OBC,MALE,false,false,false,295000
RCPT-000092,2026-09-01,Anita Devi,1999-03-25,700000000932,9794367427,anita.devi93@example.com,70 Station Road,W-11,SC,MALE,false,false,false,380000
RCPT-000093,2026-05-09,Rahul Nair,2003-03-22,800000000943,9490724578,rahul.nair94@example.com,38 Lake Road,W-05,GEN,FEMALE,false,false,false,640000
RCPT-000094,2026-08-25,Nisha Khan,1970-04-02,800000003424,9886000967,nisha.khan342@example.com,297 MG Road,W-02,GEN,MALE,false,false,false,90000
RCPT-000095,2026-03-18,Meena D'Souza,1968-03-16,900000000714,9424822991,meena.dsouza71@example.com,5 Park Road,W-02,OBC,FEMALE,false,false,false,380000
RCPT-000096,2026-07-24,Sita D'Souza,2003-08-22,500000000270,9942794336,sita.dsouza27@example.com,287 MG Road,W-05,GEN,MALE,false,false,false,295000
RCPT-000097,2026-03-03,Vikram Khan,1993-07-08,900000002235,9302734720,vikram.khan223@example.com,148 Park Road,W-04,GEN,FEMALE,false,false,false,640000
RCPT-000098,2026-06-16,Ramesh Iyer,1967-11-21,600000001726,9543395338,ramesh.iyer172@example.com,233 Park Road,W-02,GEN,FEMALE,true,false,false,90000
RCPT-000099,2026-01-30,Kavita Verma,1959-11-21,800000002141,9672072368,kavita.verma214@example.com,142 Nehru Road,W-05,SC,MALE,false,false,false,90000
RCPT-000100,2026-06-03,Vikram Rao,1957-10-25,500000003716,9790242835,vikram.rao371@example.com,10 Lake Road,W-09,EWS,MALE,false,false,true,380000
RCPT-000101,2026-02-01,Priya Devi,2003-01-27,300000000573,9312480601,priya.devi57@example.com,106 Station Road,W-02,GEN,FEMALE,false,false,false,250000
RCPT-000102,2026-02-10,Anita Singh,2001-05-21,800000001988,9510337476,anita.singh198@example.com,146 Lake Road,W-08,OBC,MALE,true,false,false,250000
RCPT-000103,2026-08-14,Vikram Rao,2002-03-28,600000003406,9171481130,vikram.rao340@example.com,103 Nehru Road,W-11,GEN,FEMALE,false,false,false,90000
RCPT-000104,2026-07-18,Kavita Chandra,1970-09-28,400000003387,9707349512,kavita.chandra338@example.com,18 Lake Road,W-06,GEN,MALE,false,true,false,380000
RCPT-000105,2026-06-25,Anita Singh,1978-11-08,800000003986,9656207056,anita.singh398@example.com,209 Station Road,W-02,GEN,FEMALE,false,false,false,90000
RCPT-000106,2026-07-03,Deepa Patel,2001-09-18,500000001718,9612681878,deepa.patel171@example.com,15 Station Road,W-09,OBC,FEMALE,true,false,false,90000
RCPT-000107,2026-03-24,Sita Reddy,1994-09-13,900000001035,9534565230,sita.reddy103@example.com,105 MG Road,W-01,GEN,MALE,false,false,false,140000
RCPT-000108,2026-07-02,Anita Gupta,1979-09-06,700000003019,9191939202,anita.gupta301@example.com,293 Station Road,W-08,GEN,MALE,false,false,false,140000
RCPT-000109,2026-06-09,Joseph Kumar,1978-11-24,300000001854,9584830246,joseph.kumar185@example.com,33 Park Road,W-02,SC,MALE,false,false,false,250000
RCPT-000110,2026-07-02,Joseph Bose,1990-03-15,500000001476,9236988303,joseph.bose147@example.com,294 MG Road,W-12,EWS,FEMALE,false,false,false,295000
RCPT-000111,2026-03-21,Priya Devi,1968-02-21,600000000048,9484904067,priya.devi4@example.com,220 Station Road,W-07,GEN,MALE,false,false,false,295000
RCPT-000112,2026-04-11,Suresh Bose,2001-07-19,500000003792,9764511681,suresh.bose379@example.com,251 Station Road,W-09,GEN,FEMALE,true,false,false,250000
RCPT-000113,2026-03-04,Lakshmi Khan,2004-06-21,700000000379,9988245584,lakshmi.khan37@example.com,9 Lake Road,W-02,GEN,FEMALE,false,false,false,295000
RCPT-000114,2026-01-06,Meena D'Souza,1960-11-26,900000000638,9767692899,meena.dsouza63@example.com,70 Station Road,W-06,OBC,MALE,true,false,false,295000
RCPT-000115,2026-08-29,Anita Nair,1988-08-16,400000002746,9829488117,second.402@example.com,81 Park Road,W-03,GEN,MALE,true,false,false,250000
RCPT-000116,2026-06-13,Ramesh Kumar,2002-12-06,500000001955,9316959222,ramesh.kumar195@example.com,49 MG Road,W-09,GEN,FEMALE,false,false,false,90000
RCPT-000117,2026-01-05,Nisha Reddy,1984-03-28,300000003931,9427623751,nisha.reddy393@example.com,40 Park Road,W-04,SC,FEMALE,true,false,false,380000
RCPT-000118,2026-07-24,Anil Chhandra,1973-11-03,900000004236,9140518238,fourth.423@example.com,42 MG Road,W-09,OBC,MALE,false,false,false,295000
RCPT-000119,2026-01-29,Anil Bose,1983-01-08,400000002588,9458718994,anil.bose258@example.com,148 Station Road,W-06,ST,MALE,true,false,false,90000
RCPT-000120,2026-07-27,Joseph Bose,1990-04-12,800000003261,9826332652,joseph.bose326@example.com,254 Park Road,W-06,GEN,FEMALE,false,false,false,90000
RCPT-000121,2026-02-04,Deepa Khan,1966-03-26,200000001049,9456688244,deepa.khan104@example.com,40 Lake Road,W-05,EWS,FEMALE,false,false,false,640000
RCPT-000122,2026-02-28,Ramesh Iyer,1999-07-09,500000002438,9371541472,ramesh.iyer243@example.com,176 Nehru Road,W-06,GEN,FEMALE,false,false,false,140000
RCPT-000123,2026-07-21,Lakshmi Nair,1967-11-15,200000000009,9476781370,lakshmi.nair0@example.com,129 Nehru Road,W-03,OBC,MALE,false,false,false,140000
RCPT-000124,2026-05-21,Joseph Nair,1960-10-16,700000001732,9661749481,joseph.nair173@example.com,106 MG Road,W-10,ST,FEMALE,false,false,false,380000
RCPT-000125,2026-01-26,Farhan Devi,1982-04-03,900000003194,9323973814,farhan.devi319@example.com,91 Nehru Road,W-02,EWS,MALE,false,false,false,90000
RCPT-000126,2026-06-10,Rahul Verma,2003-05-02,800000001263,9421387874,rahul.verma126@example.com,113 Nehru Road,W-10,GEN,FEMALE,false,false,false,295000
RCPT-000127,2026-08-30,Sita Sharma,1996-10-03,900000002079,9845050132,sita.sharma207@example.com,117 Lake Road,W-10,GEN,FEMALE,false,false,false,380000
RCPT-000128,2026-07-18,Anita Kumar,1957-05-16,300000002013,9229799280,anita.kumar201@example.com,41 Station Road,W-10,EWS,MALE,false,false,false,380000
RCPT-000129,2026-07-02,Priya Rao,1959-05-24,700000004218,9763838131,third.421@example.com,218 Station Road,W-03,EWS,MALE,true,true,false,140000
RCPT-000130,2026-05-01,Farhan Chandra,1961-04-14,400000003228,9207957619,farhan.chandra322@example.com,20 MG Road,W-10,OBC,FEMALE,false,false,true,640000
RCPT-000131,2026-05-08,Anil D'Souza,1963-10-05,500000003238,9930365647,anil.dsouza323@example.com,183 Station Road,W-02,ST,FEMALE,false,false,true,250000
RCPT-000132,2026-05-01,Vikram Nair,2002-11-14,700000001659,9821404463,vikram.nair165@example.com,65 Park Road,W-04,GEN,FEMALE,false,false,false,295000
RCPT-000133,2026-07-22,Kavita Khan,2002-08-07,500000002673,9793729694,kavita.khan267@example.com,201 Station Road,W-01,EWS,MALE,true,false,false,250000
RCPT-000134,2026-05-11,Farhan Iyer,1985-12-13,400000001701,9630279057,farhan.iyer170@example.com,49 MG Road,W-03,OBC,FEMALE,true,false,false,90000
RCPT-000135,2026-07-04,Suresh Bose,1957-09-24,800000003344,9192839708,suresh.bose334@example.com,157 Park Road,W-01,GEN,FEMALE,false,false,false,380000
RCPT-000136,2026-05-29,Deepa Singh,1995-11-14,900000003517,9561148013,deepa.singh351@example.com,161 Lake Road,W-01,OBC,FEMALE,false,false,false,640000
RCPT-000137,2026-06-08,Deepa Rao,1966-08-13,700000003734,9669500140,deepa.rao373@example.com,153 Lake Road,W-11,OBC,MALE,false,true,false,140000
RCPT-000138,2026-02-04,Ramesh Patel,1956-01-23,200000001763,9472027226,ramesh.patel176@example.com,38 Nehru Road,W-09,OBC,FEMALE,true,false,false,90000
RCPT-000139,2026-09-04,Lakshmi D'Souza,1988-11-15,500000002515,9262878990,lakshmi.dsouza251@example.com,90 Park Road,W-03,ST,MALE,false,false,false,140000
RCPT-000140,2026-09-01,Farhan Chandra,1999-05-19,300000001779,9250279154,farhan.chandra177@example.com,286 Park Road,W-11,SC,FEMALE,false,false,false,90000
RCPT-000141,2026-03-10,Kavita Bose,1967-04-17,300000001136,9372718785,kavita.bose113@example.com,159 Station Road,W-05,OBC,MALE,false,false,true,250000
RCPT-000142,2026-02-03,Rahul Gupta,1967-02-22,900000001279,9935003606,rahul.gupta127@example.com,217 Lake Road,W-10,GEN,MALE,true,false,false,295000
RCPT-000143,2026-03-10,Arjun Chandra,1984-05-20,500000000034,9609397780,arjun.chandra3@example.com,187 Lake Road,W-10,OBC,MALE,false,false,false,295000
RCPT-000144,2026-02-09,Kavita Devi,1992-12-19,400000002189,9636066835,kavita.devi218@example.com,221 Station Road,W-11,GEN,FEMALE,false,false,false,640000
RCPT-000145,2026-03-24,Kavita D'Souza,1957-01-15,800000000785,9686402007,kavita.dsouza78@example.com,74 Lake Road,W-12,OBC,MALE,false,false,false,640000
RCPT-000146,2026-03-04,Ramesh Menon,1956-05-13,600000002366,9406715440,ramesh.menon236@example.com,119 Station Road,W-10,GEN,MALE,true,false,false,90000
RCPT-000147,2026-06-30,Nisha Verma,1992-06-19,400000002104,9241752827,nisha.verma210@example.com,257 Park Road,W-11,GEN,MALE,true,true,false,380000
RCPT-000148,2026-01-10,Anil Verma,2005-04-18,300000001056,9663303645,anil.verma105@example.com,271 Lake Road,W-11,OBC,MALE,false,false,false,380000
RCPT-000149,2026-04-28,Suresh Khan,1984-01-26,300000003299,9961460057,suresh.khan329@example.com,62 MG Road,W-07,SC,MALE,false,false,false,640000
RCPT-000150,2026-06-17,Sita Khan,1996-05-18,200000003449,9281063028,sita.khan344@example.com,98 Nehru Road,W-03,OBC,MALE,true,false,false,140000
RCPT-000151,2026-07-15,Priya Rao,1956-08-11,400000002428,9554813218,priya.rao242@example.com,145 Park Road,W-04,GEN,FEMALE,false,false,false,140000
RCPT-000152,2026-07-16,Deepa Khan,1958-07-11,700000002054,9509012225,deepa.khan205@example.com,86 Lake Road,W-03,EWS,MALE,false,false,false,140000
RCPT-000153,2026-04-28,Lakshmi Bose,1959-10-08,500000002832,9594602117,lakshmi.bose283@example.com,63 Nehru Road,W-08,GEN,MALE,false,false,false,295000
RCPT-000154,2026-03-03,Sita Gupta,1993-02-16,700000001093,9938015338,sita.gupta109@example.com,35 Park Road,W-03,OBC,MALE,false,false,false,640000
RCPT-000155,2026-01-02,Nisha Singh,1997-01-18,200000001524,9983003566,nisha.singh152@example.com,60 Lake Road,W-05,OBC,MALE,false,false,false,90000
RCPT-000156,2026-08-05,Arjun D'Souza,1955-09-19,900000003754,9551819373,arjun.dsouza375@example.com,230 MG Road,W-08,GEN,FEMALE,false,false,false,140000
RCPT-000157,2026-03-22,Farhan Khan,1965-04-02,400000000827,9777604865,farhan.khan82@example.com,240 Park Road,W-10,GEN,FEMALE,true,false,false,640000
RCPT-000158,2026-03-29,Anil Nair,1997-06-23,300000001535,9253771632,anil.nair153@example.com,258 Station Road,W-01,OBC,FEMALE,false,false,false,640000
RCPT-000159,2026-09-05,Sita Reddy,1978-12-13,400000001066,9138947774,sita.reddy106@example.com,56 Station Road,W-06,OBC,MALE,true,false,false,295000
RCPT-000160,2026-05-03,Ramesh Singh,1983-08-25,200000003925,9452799465,ramesh.singh392@example.com,99 Station Road,W-11,EWS,FEMALE,true,false,false,90000
RCPT-000161,2026-06-18,Vikram Verma,1994-02-24,500000000994,9201369163,vikram.verma99@example.com,70 Nehru Road,W-06,GEN,MALE,false,false,false,90000
RCPT-000162,2026-01-29,Rahul Sharma,1992-01-04,300000000334,9991545603,rahul.sharma33@example.com,175 MG Road,W-01,GEN,MALE,false,false,false,640000
RCPT-000163,2026-03-13,Suresh Chandra,1992-08-05,300000002336,9945593188,suresh.chandra233@example.com,20 Nehru Road,W-06,OBC,MALE,true,false,false,90000
RCPT-000164,2026-04-25,Nisha Chandra,1997-08-09,200000002489,9623252778,nisha.chandra248@example.com,260 Station Road,W-08,SC,MALE,true,false,false,90000
RCPT-000165,2026-07-22,Deepa Bose,1973-12-16,200000003204,9935395485,deepa.bose320@example.com,114 Lake Road,W-12,OBC,MALE,false,false,true,250000
RCPT-000166,2026-04-30,Priya Reddy,1971-09-26,300000002410,9850520377,priya.reddy241@example.com,30 MG Road,W-04,SC,FEMALE,false,false,false,90000
RCPT-000167,2026-05-21,Anil Chandra,1973-11-03,200000001286,9780042471,anil.chandra128@example.com,42 MG Road,W-09,OBC,MALE,false,false,false,295000
RCPT-000168,2026-02-20,Rahul Menon,1986-07-22,200000003761,9987439209,rahul.menon376@example.com,120 Station Road,W-01,GEN,MALE,false,false,false,90000
RCPT-000169,2026-02-14,Farhan Verma,1988-05-19,700000002936,9844459235,farhan.verma293@example.com,195 Nehru Road,W-07,ST,FEMALE,false,false,false,380000
RCPT-000170,2026-05-07,Nisha Gupta,1956-06-05,900000003435,9209385172,nisha.gupta343@example.com,62 MG Road,W-08,OBC,FEMALE,false,false,false,295000
RCPT-000171,2026-05-25,Nisha Kumar,1994-10-06,400000003704,9138917148,nisha.kumar370@example.com,159 Lake Road,W-01,GEN,FEMALE,false,false,false,90000
RCPT-000172,2026-03-13,Anil Bose,1976-01-03,900000001911,9252753005,anil.bose191@example.com,211 Lake Road,W-03,OBC,FEMALE,false,false,false,380000
RCPT-000173,2026-03-24,Anil Bose,1995-03-06,200000000084,9671767362,anil.bose8@example.com,67 Nehru Road,W-04,GEN,FEMALE,true,false,false,90000
RCPT-000174,2026-03-12,Anil Rao,1980-06-19,600000000926,9409932811,anil.rao92@example.com,6 Station Road,W-09,GEN,MALE,false,false,false,140000
RCPT-000175,2026-01-24,Kavita Nair,1998-04-14,700000003493,9822211663,kavita.nair349@example.com,277 Park Road,W-02,GEN,FEMALE,false,false,false,140000
RCPT-000176,2026-04-21,Nisha Sharma,1964-10-12,600000003481,9369955474,nisha.sharma348@example.com,287 Lake Road,W-05,OBC,MALE,false,false,false,250000
RCPT-000177,2026-03-12,Arjun Verma,2002-03-14,300000003537,9903198637,arjun.verma353@example.com,41 Park Road,W-11,GEN,MALE,false,false,false,380000
RCPT-000178,2026-07-08,Rahul Bose,1960-02-27,700000000295,9201970963,rahul.bose29@example.com,39 Station Road,W-07,GEN,MALE,true,false,false,380000
RCPT-000179,2026-06-11,Meena Singh,1966-10-06,400000003146,9589436006,meena.singh314@example.com,226 Park Road,W-07,GEN,MALE,false,false,false,380000
RCPT-000180,2026-02-12,Vikram Chandraa,1982-01-06,800000004140,9247962070,fourth.414@example.com,215 Park Road,W-11,GEN,FEMALE,true,false,false,250000
RCPT-000181,2026-07-16,Arjun Devi,1999-06-19,300000000174,9693246036,arjun.devi17@example.com,3 Station Road,W-05,EWS,MALE,true,false,false,640000
RCPT-000182,2026-07-30,Kavita Kumar,2000-10-02,900000002955,9990105464,kavita.kumar295@example.com,12 Nehru Road,W-10,OBC,FEMALE,false,false,false,140000
RCPT-000183,2026-02-13,Rahul Khan,1962-11-26,600000002043,9679140526,rahul.khan204@example.com,67 Station Road,W-03,OBC,MALE,true,false,false,90000
RCPT-000184,2026-07-18,Rahul Nair,1956-03-25,700000001174,9863238447,rahul.nair117@example.com,68 MG Road,W-10,SC,FEMALE,false,false,false,295000
RCPT-000185,2026-07-22,Meena Rao,1967-10-01,600000001885,9612369952,meena.rao188@example.com,185 Lake Road,W-05,EWS,MALE,true,false,false,250000
RCPT-000186,2026-09-07,Anita Rao,1980-06-23,400000000344,9179701576,anita.rao34@example.com,83 Station Road,W-10,OBC,MALE,false,false,false,90000
RCPT-000187,2026-02-09,Ramesh Khan,1973-10-03,200000003607,9497285239,ramesh.khan360@example.com,42 Park Road,W-06,EWS,MALE,false,false,false,250000
RCPT-000188,2026-06-28,Vikram D'Souza,1957-09-13,500000002279,9283083475,vikram.dsouza227@example.com,289 Station Road,W-11,SC,FEMALE,false,true,false,640000
RCPT-000189,2026-08-18,Lakshmi Singh,1993-10-24,300000001213,9415296252,lakshmi.singh121@example.com,286 Lake Road,W-02,GEN,MALE,false,false,false,140000
RCPT-000190,2026-01-20,Lakshmi Gupta,1958-11-04,600000003009,9486899456,lakshmi.gupta300@example.com,246 Park Road,W-08,GEN,MALE,true,false,false,380000
RCPT-000191,2026-05-24,Vikram Singh,2003-06-17,800000000548,9505181600,vikram.singh54@example.com,214 Nehru Road,W-11,GEN,MALE,true,false,false,640000
RCPT-000192,2026-07-19,Rahul Reddy,2003-06-27,200000002249,9979290618,rahul.reddy224@example.com,60 Station Road,W-10,SC,MALE,true,false,false,250000
RCPT-000193,2026-09-04,Arjun Rao,1981-10-09,400000002981,9260896512,arjun.rao298@example.com,26 Lake Road,W-12,GEN,MALE,true,false,false,140000
RCPT-000194,2026-08-25,Kavita Patel,1968-10-11,300000001693,9222356290,kavita.patel169@example.com,272 MG Road,W-07,OBC,FEMALE,false,false,false,90000
RCPT-000195,2026-06-24,Vikram Chandra,2002-08-25,300000002971,9537204849,vikram.chandra297@example.com,124 Nehru Road,W-02,ST,FEMALE,false,false,false,140000
RCPT-000196,2026-02-18,Sita Gupta,1980-05-15,800000000388,9733366240,sita.gupta38@example.com,279 MG Road,W-04,GEN,MALE,false,false,false,250000
RCPT-000197,2026-01-08,Sita Sharma,2003-01-06,700000001254,9443235214,sita.sharma125@example.com,30 Lake Road,W-11,SC,MALE,false,false,false,250000
RCPT-000198,2026-01-24,Nisha Rao,2001-12-28,300000002577,9151276661,nisha.rao257@example.com,122 MG Road,W-11,ST,MALE,true,false,false,380000
RCPT-000199,2026-08-03,Arjun Patel,2002-09-28,300000000659,9151023772,arjun.patel65@example.com,78 Station Road,W-10,OBC,MALE,false,false,false,140000
RCPT-000200,2026-03-04,Anil Singh,1988-11-23,500000001550,9875788480,anil.singh155@example.com,5 Lake Road,W-12,GEN,FEMALE,false,false,false,295000
RCPT-000201,2026-04-09,Arjun Gupta,1982-10-13,900000000311,9646909844,arjun.gupta31@example.com,45 MG Road,W-04,OBC,MALE,false,false,false,380000
RCPT-000202,2026-04-30,Vikram Rao,1976-02-20,200000002323,9362105048,vikram.rao232@example.com,164 MG Road,W-08,OBC,FEMALE,false,false,false,640000
RCPT-000203,2026-03-21,Vikram Verma,1994-02-24,300000004014,9201369163,third.401@example.com,70 Nehru Road,W-06,GEN,MALE,false,false,false,90000
RCPT-000204,2026-07-12,Kavita Menon,1955-06-04,500000003152,9484990547,kavita.menon315@example.com,140 Lake Road,W-04,GEN,MALE,false,false,false,90000
RCPT-000205,2026-05-24,Nisha Sharma,1975-03-22,700000000852,9511686702,nisha.sharma85@example.com,167 Park Road,W-01,GEN,MALE,true,false,false,250000
RCPT-000206,2026-07-07,Meena Singh,1991-06-20,600000003084,9414173695,meena.singh308@example.com,71 Nehru Road,W-05,GEN,MALE,true,false,false,640000
RCPT-000207,2026-06-20,Arjun Menon,2000-11-17,900000001752,9577867913,arjun.menon175@example.com,164 Station Road,W-09,OBC,FEMALE,true,false,false,380000
RCPT-000208,2026-05-07,Priya Singh,1955-04-15,900000002870,9346777804,priya.singh287@example.com,23 Lake Road,W-06,OBC,FEMALE,false,false,false,90000
RCPT-000209,2026-04-14,Deepa D'Souza,1963-05-23,300000003776,9264434993,deepa.dsouza377@example.com,212 Station Road,W-10,GEN,MALE,false,false,false,380000
RCPT-000210,2026-04-27,Lakshmi Bose,1959-10-08,500000002832,9968440157,second.403@example.com,63 Nehru Road,W-08,GEN,MALE,false,false,false,295000
RCPT-000211,2026-04-01,Lakshmi Singh,1988-09-04,200000002560,9436377153,lakshmi.singh256@example.com,89 Park Road,W-05,GEN,MALE,false,false,false,90000
RCPT-000212,2026-03-06,Vikram Verma,1976-07-25,900000002154,9171730368,vikram.verma215@example.com,297 MG Road,W-05,OBC,FEMALE,false,false,false,90000
RCPT-000213,2026-03-09,Rahul Khan,2001-09-25,200000000481,9497512700,rahul.khan48@example.com,111 MG Road,W-05,GEN,MALE,false,false,false,140000
RCPT-000214,2026-01-25,Sita D'Souza,1980-01-20,400000003069,9843845990,sita.dsouza306@example.com,224 Station Road,W-12,GEN,FEMALE,false,false,false,380000
RCPT-000215,2026-02-19,Anita Patel,1973-09-25,600000003565,9969644063,anita.patel356@example.com,67 Nehru Road,W-12,GEN,FEMALE,false,false,false,90000
RCPT-000216,2026-05-22,Arjun Iyer,1983-01-02,600000002441,9663908853,arjun.iyer244@example.com,11 MG Road,W-06,OBC,FEMALE,false,false,false,250000
RCPT-000217,2026-06-02,Deepa Patell,2000-02-06,300000004177,9992495680,fourth.417@example.com,222 MG Road,W-02,OBC,FEMALE,false,false,false,640000
RCPT-000218,2026-01-28,Kavita Sharma,1981-08-07,700000001811,9819963847,second.411@example.com,126 MG Road,W-08,EWS,FEMALE,false,false,false,250000
RCPT-000219,2026-05-20,Anil Menon,1956-07-13,500000002116,9441557427,anil.menon211@example.com,263 Station Road,W-12,OBC,FEMALE,false,false,false,250000
RCPT-000220,2026-03-27,Vikram Iyer,1995-11-22,300000000415,9713035320,vikram.iyer41@example.com,288 Park Road,W-10,GEN,FEMALE,false,false,false,140000
RCPT-000221,2026-01-08,Lakshmi Reddy,2000-12-23,800000003584,9479348779,lakshmi.reddy358@example.com,48 Lake Road,W-01,ST,FEMALE,false,false,false,640000
RCPT-000222,2026-01-11,Suresh Verma,1966-02-28,900000000471,9240825214,suresh.verma47@example.com,277 Station Road,W-08,SC,FEMALE,false,false,false,295000
RCPT-000223,2026-01-04,Sita Reddy,1962-12-07,200000004085,9808598677,third.408@example.com,213 Park Road,W-02,OBC,FEMALE,false,false,false,380000
RCPT-000224,2026-01-09,Ramesh D'Souza,1999-01-10,400000001549,9528653018,ramesh.dsouza154@example.com,116 Park Road,W-09,GEN,FEMALE,false,false,false,640000
RCPT-000225,2026-09-07,Deepa Verma,1978-09-19,500000000514,9321644278,deepa.verma51@example.com,235 Station Road,W-04,GEN,FEMALE,true,false,false,90000
RCPT-000226,2026-04-03,Anita Iyer,1976-11-23,200000002086,9833185893,anita.iyer208@example.com,213 Park Road,W-09,OBC,FEMALE,false,false,false,640000
RCPT-000227,2026-01-15,Joseph Devi,1972-11-04,500000002995,9783287617,joseph.devi299@example.com,21 MG Road,W-07,OBC,FEMALE,false,true,false,380000
RCPT-000228,2026-06-16,Ramesh Iyer,1965-08-01,800000002708,9414410134,ramesh.iyer270@example.com,18 Park Road,W-04,GEN,FEMALE,false,false,false,640000
RCPT-000229,2026-02-06,Sita Kumar,2001-08-08,700000000691,9860647538,sita.kumar69@example.com,64 Nehru Road,W-02,SC,FEMALE,true,false,false,380000
RCPT-000230,2026-08-18,Kavita Patel,1977-09-17,800000002224,9463749856,kavita.patel222@example.com,108 Nehru Road,W-10,GEN,FEMALE,true,false,false,295000
RCPT-000231,2026-07-30,Deepa Verma,1973-04-15,900000003118,9465078916,deepa.verma311@example.com,9 Nehru Road,W-02,EWS,MALE,false,false,false,640000
RCPT-000232,2026-04-25,Meena Bose,1979-05-18,900000001673,9735375089,meena.bose167@example.com,181 Park Road,W-01,GEN,MALE,false,false,false,295000
RCPT-000233,2026-01-24,Lakshmi Singh,1989-05-28,600000002281,9433403440,lakshmi.singh228@example.com,196 Lake Road,W-10,GEN,FEMALE,true,false,false,250000
RCPT-000234,2026-03-21,Priya Khan,1989-04-09,400000003942,9502834089,priya.khan394@example.com,14 Station Road,W-09,GEN,MALE,true,false,false,380000
RCPT-000235,2026-02-17,Nisha Khan,1971-03-22,600000003803,9199758849,nisha.khan380@example.com,43 MG Road,W-11,GEN,MALE,false,false,false,250000
RCPT-000236,2026-01-08,Ramesh Gupta,1975-01-10,300000000093,9460380821,ramesh.gupta9@example.com,23 Nehru Road,W-07,EWS,MALE,true,false,false,140000
RCPT-000237,2026-05-13,Anita Patel,1973-01-02,200000000327,9561666023,anita.patel32@example.com,10 MG Road,W-10,EWS,MALE,false,false,false,90000
RCPT-000238,2026-04-28,Nisha Chandra,1981-11-14,600000003169,9612235741,nisha.chandra316@example.com,280 Park Road,W-03,GEN,MALE,true,false,false,90000
RCPT-000239,2026-08-11,Nisha Gupta,1964-03-06,900000003276,9627706348,second.416@example.com,102 MG Road,W-11,OBC,MALE,false,false,false,295000
RCPT-000240,2026-01-22,Ramesh Khan,2011-02-16,200000003522,9763200578,ramesh.khan352@example.com,104 Park Road,W-02,GEN,FEMALE,false,false,false,380000
RCPT-000241,2026-06-01,Anita Reddy,1999-05-21,500000001392,9295666889,anita.reddy139@example.com,93 MG Road,W-09,SC,FEMALE,false,true,false,640000
RCPT-000242,2026-07-27,Suresh Gupta,2003-12-05,200000000963,9185613715,suresh.gupta96@example.com,210 Lake Road,W-06,GEN,FEMALE,true,false,false,250000
RCPT-000243,2026-06-29,Meena Gupta,1990-05-25,900000002718,9991178595,meena.gupta271@example.com,73 Station Road,W-08,OBC,MALE,true,false,false,295000
RCPT-000244,2026-01-27,Ramesh Nair,1982-05-02,700000003171,9575823775,ramesh.nair317@example.com,159 Nehru Road,W-04,GEN,FEMALE,false,false,false,295000
RCPT-000245,2026-02-15,Vikram Devi,1971-09-21,800000002063,9941734274,vikram.devi206@example.com,242 Lake Road,W-03,GEN,FEMALE,false,true,false,90000
RCPT-000246,2026-04-29,Anita Sharma,1973-02-21,200000001609,9147551917,anita.sharma160@example.com,170 Station Road,W-02,GEN,MALE,false,false,false,295000
RCPT-000247,2026-05-10,Joseph Reddy,1967-01-10,500000000598,9134100521,joseph.reddy59@example.com,77 Park Road,W-01,GEN,OTHER,false,false,false,250000
RCPT-000248,2026-01-27,Sita Devi,1980-03-25,600000002920,9625451876,sita.devi292@example.com,42 Lake Road,W-07,OBC,FEMALE,false,false,false,640000
RCPT-000249,2026-09-06,Anil Reddy,1993-03-05,200000000646,9763535593,anil.reddy64@example.com,290 Park Road,W-03,OBC,MALE,false,false,false,140000
RCPT-000250,2026-04-24,Rahul Gupta,1978-03-27,500000000197,9576050290,rahul.gupta19@example.com,241 Nehru Road,W-01,OBC,MALE,false,false,false,90000
RCPT-000251,2026-04-07,Arjun Chandra,2001-07-18,600000000608,9898621084,arjun.chandra60@example.com,5 Nehru Road,W-11,GEN,MALE,false,false,false,640000
RCPT-000252,2026-01-19,Joseph Reddy,1978-08-13,800000001743,9941670346,joseph.reddy174@example.com,261 Park Road,W-10,SC,MALE,true,false,false,380000
RCPT-000253,2026-02-19,Meena Khan,1971-02-19,900000002550,9776467476,second.419@example.com,16 Lake Road,W-08,OBC,OTHER,false,false,false,640000
RCPT-000254,2026-04-08,Anil Bose,2000-11-07,500000002752,9912334342,anil.bose275@example.com,53 Nehru Road,W-10,GEN,OTHER,false,false,false,90000
RCPT-000255,2026-08-18,Anita Rao,1991-01-01,900000000232,9729768353,anita.rao23@example.com,97 Nehru Road,W-10,GEN,FEMALE,true,false,false,640000
RCPT-000256,2026-05-31,Deepa Bose,1983-06-06,200000000406,9891388035,deepa.bose40@example.com,68 Station Road,W-05,GEN,MALE,true,false,false,250000
RCPT-000257,2026-05-29,Anil Devi,1987-08-08,200000001123,9403529732,anil.devi112@example.com,274 Park Road,W-01,GEN,MALE,false,false,false,90000
RCPT-000258,2026-06-02,Rahul Verma,1996-10-23,400000001225,9769251504,second.424@example.com,271 MG Road,W-12,GEN,FEMALE,false,true,false,250000
RCPT-000259,2026-08-07,Sita Khan,1986-07-14,400000002025,9191701148,sita.khan202@example.com,53 Park Road,W-02,GEN,MALE,true,true,false,295000
RCPT-000260,2026-05-02,Ramesh Iyer,1988-07-28,800000001421,9517961633,ramesh.iyer142@example.com,29 Lake Road,W-11,GEN,OTHER,false,false,false,90000
RCPT-000261,2026-01-30,Meena Iyer,2001-05-27,400000002266,9353112888,meena.iyer226@example.com,52 Park Road,W-08,OBC,FEMALE,false,false,false,140000
RCPT-000262,2026-02-17,Kavita Sharma,1995-02-04,200000000803,9322665575,kavita.sharma80@example.com,145 Nehru Road,W-05,SC,MALE,false,false,false,90000
RCPT-000263,2026-06-16,Nisha Reddy,1989-01-15,700000000457,9700814623,nisha.reddy45@example.com,172 MG Road,W-10,GEN,FEMALE,false,false,false,250000
RCPT-000264,2026-08-18,Sita Reddy,2001-12-13,200000001841,9436623734,sita.reddy184@example.com,72 MG Road,W-03,GEN,MALE,true,false,false,140000
RCPT-000265,2026-08-28,Priya D'Souza,1963-07-06,700000002697,9637201046,priya.dsouza269@example.com,153 Station Road,W-11,SC,MALE,false,false,false,140000
RCPT-000266,2026-03-13,Priya Chandra,1963-02-21,300000003378,9116544808,priya.chandra337@example.com,242 Lake Road,W-03,GEN,MALE,false,false,false,140000
RCPT-000267,2026-02-19,Sita Menon,1979-05-26,500000000113,9843924009,sita.menon11@example.com,95 Lake Road,W-01,GEN,MALE,false,false,false,295000
RCPT-000268,2026-05-21,Ramesh Devi,1992-06-14,800000000065,9828281006,ramesh.devi6@example.com,228 Park Road,W-07,GEN,FEMALE,true,false,false,140000
RCPT-000269,2026-03-25,Arjun Nair,1979-05-08,300000001617,9364217893,arjun.nair161@example.com,231 Lake Road,W-08,GEN,MALE,true,false,false,295000
RCPT-000270,2026-03-13,Deepa D'Souza,1958-09-04,400000000668,9156502542,deepa.dsouza66@example.com,30 Lake Road,W-08,GEN,FEMALE,false,false,false,140000
RCPT-000271,2026-05-08,Rahul Sharma,1966-11-14,800000002305,9884936908,rahul.sharma230@example.com,167 Lake Road,W-06,GEN,MALE,false,false,false,380000
RCPT-000272,2026-08-19,Deepa Patel,1979-01-09,400000001304,9815539727,deepa.patel130@example.com,120 MG Road,W-11,EWS,MALE,true,false,false,640000
RCPT-000273,2026-07-08,Nisha Chandra,1995-12-09,600000001329,9471316503,nisha.chandra132@example.com,242 Nehru Road,W-01,GEN,FEMALE,true,false,false,295000
RCPT-000274,2026-05-04,Arjun Rao,1967-02-25,300000002097,9798119701,arjun.rao209@example.com,259 Park Road,W-08,OBC,MALE,false,false,false,640000
RCPT-000275,2026-02-01,Deepa Singh,1966-12-05,700000003417,9945682445,deepa.singh341@example.com,156 Park Road,W-07,GEN,FEMALE,false,false,false,380000
RCPT-000276,2026-03-27,Ramesh Singh,1966-10-28,800000003183,9210522771,ramesh.singh318@example.com,257 Lake Road,W-12,GEN,MALE,false,false,false,90000
RCPT-000277,2026-03-18,Nisha Menon,1970-08-06,800000002380,9912674789,second.429@example.com,208 Lake Road,W-03,GEN,FEMALE,true,false,false,140000
RCPT-000278,2026-05-11,Rahul Khan,1989-08-28,500000001079,9636854281,rahul.khan107@example.com,300 Park Road,W-04,ST,FEMALE,true,false,false,90000
RCPT-000279,2026-01-04,Sita Devi,2010-06-10,300000003619,9941023545,sita.devi361@example.com,131 Station Road,W-01,GEN,FEMALE,true,false,false,295000
RCPT-000280,2026-07-26,Arjun Khan,1963-08-23,900000003037,9182673407,arjun.khan303@example.com,132 MG Road,W-01,OBC,MALE,true,false,false,90000
RCPT-000281,2026-02-02,Deepa Patel,1968-02-11,300000000895,9203311196,deepa.patel89@example.com,80 Lake Road,W-01,SC,FEMALE,true,false,false,140000
RCPT-000282,2026-02-06,Anita Sharma,2010-11-02,800000003827,9540380503,anita.sharma382@example.com,271 Nehru Road,W-03,GEN,MALE,false,false,false,90000
RCPT-000283,2026-03-03,Meena Bose,1957-12-09,300000001297,9534381319,meena.bose129@example.com,288 MG Road,W-07,OBC,MALE,false,false,false,90000
RCPT-000284,2026-05-02,Priya Nair,1981-08-18,500000001634,9795404127,priya.nair163@example.com,16 Park Road,W-04,OBC,MALE,false,false,false,90000
RCPT-000285,2026-02-27,Lakshmi Devi,1974-10-24,500000000837,9782078933,lakshmi.devi83@example.com,271 Lake Road,W-04,OBC,MALE,true,false,false,140000
RCPT-000286,2026-07-04,Ramesh Singh,1990-11-21,200000001361,9539389847,ramesh.singh136@example.com,103 Lake Road,W-11,GEN,MALE,false,false,false,250000
RCPT-000287,2026-04-25,Ramesh Kumar,1980-02-11,500000003873,9414319797,ramesh.kumar387@example.com,181 MG Road,W-12,GEN,FEMALE,false,true,false,640000
RCPT-000288,2026-03-05,Arjun Menon,1955-07-11,400000000986,9768893788,arjun.menon98@example.com,40 Park Road,W-09,ST,MALE,false,false,false,380000
RCPT-000289,2026-07-20,Arjun Bose,1960-07-12,400000000424,9970780765,arjun.bose42@example.com,276 Park Road,W-04,EWS,MALE,false,false,false,380000
RCPT-000290,2026-04-28,Rahul D'Souza,1984-02-08,500000002192,9905483404,rahul.dsouza219@example.com,234 MG Road,W-02,GEN,MALE,true,false,false,380000
RCPT-000291,2026-01-22,Lakshmi Kumar,1956-11-18,400000000901,9141391972,lakshmi.kumar90@example.com,97 Station Road,W-02,EWS,MALE,false,false,false,640000
RCPT-000292,2026-04-08,Ramesh Chandra,2002-08-02,500000001316,9249913131,ramesh.chandra131@example.com,205 Lake Road,W-07,SC,FEMALE,true,false,false,640000
RCPT-000293,2026-04-11,Deepa Devi,1989-06-03,800000000860,9291253584,deepa.devi86@example.com,128 Station Road,W-10,GEN,MALE,true,false,false,140000
RCPT-000294,2026-02-23,Nisha Khan,1991-04-13,200000002161,9449593777,nisha.khan216@example.com,44 Station Road,W-12,EWS,MALE,false,false,false,250000
RCPT-000295,2026-01-29,Nisha Menon,1957-04-04,800000002540,9469594519,nisha.menon254@example.com,38 Lake Road,W-08,GEN,MALE,false,false,false,640000
RCPT-000296,2026-02-28,Suresh Devi,1961-11-21,600000000762,9179383141,suresh.devi76@example.com,204 Nehru Road,W-04,SC,MALE,true,false,false,250000
RCPT-000297,2026-08-19,Ramesh Singgh,1966-10-28,700000004050,9469777371,fourth.405@example.com,257 Lake Road,W-12,GEN,MALE,false,false,false,90000
RCPT-000298,2026-03-15,Farhan Singh,1962-04-09,800000001665,9670795009,farhan.singh166@example.com,100 MG Road,W-07,OBC,FEMALE,false,false,false,140000
RCPT-000299,2026-03-21,Anita Bose,1960-08-10,500000001794,9590110588,anita.bose179@example.com,100 Lake Road,W-08,GEN,MALE,true,false,false,250000
RCPT-000300,2026-04-27,Lakshmi Rao,1972-05-16,400000003302,9332049408,lakshmi.rao330@example.com,129 Nehru Road,W-09,ST,MALE,true,false,false,250000
RCPT-000301,2026-04-30,Nisha Gupta,1959-09-24,900000000158,9470929064,nisha.gupta15@example.com,14 Lake Road,W-08,OBC,OTHER,true,false,false,295000
RCPT-000302,2026-07-06,Kavita Chandra,2005-07-01,200000002807,9124335447,kavita.chandra280@example.com,143 Station Road,W-12,GEN,FEMALE,false,false,false,380000
RCPT-000303,2026-01-29,Kavita Reddy,1978-06-16,200000000565,9686863901,kavita.reddy56@example.com,258 Park Road,W-06,OBC,FEMALE,false,false,false,295000
RCPT-000304,2026-07-16,Rahul Bose,1997-02-01,500000003319,9852082067,rahul.bose331@example.com,164 MG Road,W-06,GEN,MALE,false,false,false,250000
RCPT-000305,2026-01-07,Vikram Rao,1970-09-11,400000003789,9269687221,vikram.rao378@example.com,210 MG Road,W-05,GEN,MALE,true,false,false,380000
RCPT-000306,2026-04-13,Kavita Patel,1980-07-25,300000000811,9680841377,kavita.patel81@example.com,71 Lake Road,W-07,GEN,MALE,false,false,false,250000
RCPT-000307,2026-04-29,Joseph Chandra,1996-10-27,600000001800,9338762829,joseph.chandra180@example.com,18 Nehru Road,W-07,GEN,FEMALE,false,false,false,90000
RCPT-000308,2026-07-09,Rahul Verma,1978-03-02,300000003210,9370445298,rahul.verma321@example.com,241 MG Road,W-02,GEN,FEMALE,false,false,false,140000
RCPT-000309,2026-03-12,Ramesh Iyer,1975-03-09,800000003901,9803272004,second.430@example.com,71 Nehru Road,W-11,ST,FEMALE,true,false,false,295000
RCPT-000310,2026-08-06,Ramesh Patel,1970-12-01,900000002392,9495180524,ramesh.patel239@example.com,147 MG Road,W-11,EWS,FEMALE,false,false,false,380000
RCPT-000311,2026-08-05,Sita Reddy,1962-12-07,700000003331,9808598677,sita.reddy333@example.com,213 Park Road,W-02,OBC,FEMALE,false,false,false,380000
RCPT-000312,2026-07-23,Lakshmi Singh,1984-10-15,700000002856,9832687993,lakshmi.singh285@example.com,186 Lake Road,W-03,ST,FEMALE,true,true,false,295000
RCPT-000313,2026-06-29,Priya Bose,2005-04-19,700000002293,9906280996,priya.bose229@example.com,287 Nehru Road,W-12,GEN,MALE,true,false,false,295000
RCPT-000314,2026-06-13,Anil Singh,1982-10-10,300000003058,9886081003,anil.singh305@example.com,189 MG Road,W-02,OBC,MALE,false,false,false,250000
RCPT-000315,2026-04-28,Lakshmi D'Souza,1989-08-22,200000003682,9745563343,lakshmi.dsouza368@example.com,56 Lake Road,W-04,EWS,FEMALE,true,false,false,250000
RCPT-000316,2026-02-08,Anil Verma,1965-02-12,500000000918,9905365684,anil.verma91@example.com,128 Station Road,W-08,GEN,FEMALE,false,false,false,250000
RCPT-000317,2026-06-17,Priya Rao,1959-05-24,400000000509,9763838131,priya.rao50@example.com,218 Station Road,W-03,EWS,MALE,true,true,false,140000
RCPT-000318,2026-05-13,Anita Sinngh,2001-05-21,400000004188,9795596131,fourth.418@example.com,146 Lake Road,W-08,OBC,MALE,true,false,false,250000
RCPT-000319,2026-02-03,Lakshmi Reddy,1996-07-10,600000000122,9305141736,lakshmi.reddy12@example.com,291 Park Road,W-07,SC,MALE,false,false,false,640000
RCPT-000320,2026-03-24,Kavita D'Souza,2003-09-25,900000003351,9403565974,kavita.dsouza335@example.com,78 Park Road,W-05,ST,MALE,false,true,false,250000
RCPT-000321,2026-02-08,Farhan Chandra,2000-07-09,400000003547,9683437348,farhan.chandra354@example.com,76 Lake Road,W-09,OBC,FEMALE,true,false,false,90000
RCPT-000322,2026-05-11,Lakshmi Menon,1958-10-27,800000000229,9886314550,lakshmi.menon22@example.com,95 Station Road,W-03,GEN,FEMALE,false,false,false,295000
